"Unidade da Federa��o";"2010/Jan";"2010/Fev";"2010/Mar";"2010/Abr";"2010/Mai";"2010/Jun";"2010/Jul";"2010/Ago";"2010/Set";"2010/Out";"2010/Nov";"2010/Dez";"2011/Jan";"2011/Fev";"2011/Mar";"2011/Abr";"2011/Mai";"2011/Jun";"2011/Jul";"2011/Ago";"2011/Out";"2011/Nov";"2011/Set";"2011/Dez";"2012/Jan";"2012/Fev";"2012/Mar";"2012/Abr";"2012/Mai";"2012/Jun";"2012/Jul";"2012/Ago";"2012/Set";"2012/Out";"2012/Nov";"2012/Dez";"2013/Jan";"2013/Fev";"2013/Mar";"2013/Abr";"2013/Mai";"2013/Jun";"2013/Jul";"2013/Ago";"2013/Set";"2013/Out";"2013/Nov";"2013/Dez";"2014/Jan";"2014/Fev";"2014/Mar";"2014/Abr";"2014/Mai";"2014/Jun";"2014/Jul";"2014/Ago";"2014/Set";"2014/Out";"2014/Nov";"2014/Dez";"2015/Jan";"2015/Fev";"2015/Mar";"2015/Abr";"2015/Mai";"2015/Jun";"2015/Jul";"2015/Ago";"2015/Set";"2015/Out";"2015/Nov";"2015/Dez";"2016/Jan";"2016/Fev";"2016/Mar";"2016/Abr";"2016/Mai";"2016/Jun";"2016/Jul";"2016/Ago";"2016/Set";"2016/Out";"2016/Nov";"2016/Dez";"2017/Jan";"2017/Fev";"2017/Mar";"2017/Abr";"2017/Mai";"2017/Jun";"2017/Jul";"2017/Ago";"2017/Set";"2017/Out";"2017/Nov";"2017/Dez";"2018/Jan";"2018/Fev";"2018/Mar";"2018/Abr";"2018/Mai";"2018/Jun";"2018/Jul";"2018/Ago";"2018/Set";"2018/Out";"2018/Nov";"2018/Dez";"2019/Jan";"2019/Fev";"2019/Mar";"2019/Abr";"2019/Mai";"2019/Jun";"2019/Jul";"2019/Ago";"2019/Set";"2019/Out";"2019/Nov";"2019/Dez";"2020/Jan";"2020/Fev";"2020/Mar";"2020/Abr";"2020/Mai";"2020/Jun";"2020/Jul";"2020/Ago";"2020/Set";"2020/Out";"2020/Nov";"2020/Dez";"2021/Jan";"2021/Fev";"2021/Mar";"2021/Abr";"2021/Mai";"2021/Jun";"2021/Dez";" Total"
"11 Rond�nia";"7795";"7444";"11111";"16168";"16944";"12230";"13043";"13213";"8801";"7368";"7093";"5741";"6679";"7946";"8508";"9497";"14059";"11196";"10675";"12482";"7876";"7406";"10117";"6534";"9504";"8371";"8558";"8250";"14765";"10780";"9722";"10616";"7324";"6970";"6155";"5049";"7783";"6708";"7242";"12251";"14340";"10863";"11852";"12223";"9870";"6984";"6668";"5933";"7992";"7941";"9793";"9331";"11242";"7577";"9531";"7770";"8536";"9183";"7788";"5800";"7015";"7646";"10097";"8197";"13514";"9959";"9335";"22157";"10746";"7453";"7811";"6418";"9092";"7578";"8978";"12233";"12066";"10062";"8843";"9218";"28501";"11773";"6824";"6769";"19900";"22138";"21932";"12233";"9094";"6128";"4844";"4720";"6652";"4894";"4232";"3242";"11891";"7355";"6375";"5111";"5271";"5578";"6697";"8202";"5181";"4916";"3965";"3261";"4769";"4624";"4438";"5060";"5392";"4768";"5103";"3912";"3546";"5579";"5415";"3895";"5478";"10089";"8805";"3851";"7765";"7304";"7247";"6797";"6162";"13398";"9438";"4695";"4131";"4707";"5139";"5725";"6189";"758";"0";"1181467"
"12 Acre";"3766";"4454";"5433";"7764";"8193";"5740";"3767";"4832";"3507";"3503";"4387";"4332";"10901";"10026";"14095";"13520";"13206";"9176";"6603";"5420";"5727";"7150";"5027";"5460";"4104";"4365";"4425";"5077";"6212";"6289";"4929";"4886";"3358";"5498";"4078";"2182";"3303";"2866";"3911";"4822";"3994";"5230";"3863";"5665";"3407";"3654";"3335";"3299";"3083";"3166";"2220";"4763";"3699";"3569";"3115";"2840";"2320";"1910";"2161";"1472";"2016";"2553";"3267";"2431";"3547";"2769";"1858";"7773";"2798";"2938";"2291";"1953";"3521";"3202";"3106";"3415";"3931";"3607";"2724";"2877";"12127";"3368";"3609";"2551";"6302";"8055";"8341";"4249";"3413";"2514";"2028";"2012";"3489";"1786";"1698";"1694";"4263";"3271";"2703";"2166";"1799";"1602";"2060";"2054";"1525";"1692";"1532";"1308";"2093";"2082";"1874";"1914";"1986";"1748";"2033";"1855";"1511";"1687";"2093";"1895";"3438";"3606";"3225";"1129";"1710";"1636";"2049";"2023";"2540";"4796";"3056";"2046";"2137";"1670";"2088";"3341";"2112";"43";"0";"524263"
"13 Amazonas";"15272";"15367";"24924";"29071";"30084";"23910";"18781";"24501";"20397";"17933";"18217";"15524";"18110";"18585";"18010";"22514";"27259";"23547";"22716";"26323";"22264";"18938";"22461";"15811";"19984";"19772";"23923";"20141";"28458";"26525";"21931";"26300";"20745";"24985";"16914";"16634";"17084";"17732";"30945";"30996";"22810";"29404";"24903";"34995";"34331";"25587";"21637";"19816";"22279";"25556";"23986";"29257";"29112";"19342";"19942";"23209";"24484";"22816";"19121";"16290";"18378";"22646";"29936";"25218";"28908";"25843";"22531";"47695";"27649";"23335";"22221";"19392";"24784";"17641";"22025";"21043";"23708";"20486";"18200";"25220";"72557";"22707";"19137";"13486";"43974";"37275";"53580";"26577";"23835";"13065";"14199";"14716";"23326";"13061";"12355";"10252";"25152";"16961";"20706";"15284";"14545";"12857";"22133";"23220";"16273";"15852";"11753";"9678";"14885";"14217";"16975";"14922";"14715";"13376";"12746";"15200";"13710";"12632";"12016";"9111";"33971";"23718";"22886";"2844";"14750";"21825";"18799";"20447";"17694";"36415";"20257";"12997";"8886";"11558";"15618";"16381";"17846";"1924";"0";"2951161"
"14 Roraima";"3720";"2956";"3372";"3823";"3301";"2948";"2629";"3285";"3059";"2774";"2421";"2241";"2941";"3262";"3136";"3332";"3806";"2888";"3707";"2581";"2678";"1958";"2281";"2588";"3046";"3134";"2797";"2696";"923";"2859";"2728";"3038";"2743";"1979";"2322";"2102";"3025";"3093";"2672";"2871";"3954";"3790";"3051";"2203";"2417";"2053";"757";"1544";"3255";"3627";"3309";"3119";"2891";"2754";"2595";"2878";"3922";"2392";"1029";"2216";"2453";"3730";"6870";"4726";"4477";"4461";"4166";"8260";"6113";"4238";"4225";"4503";"3039";"3762";"4776";"4532";"4632";"4499";"4142";"4278";"7099";"6224";"3993";"2528";"6447";"14520";"21824";"8822";"4448";"2723";"2789";"3478";"2291";"4790";"2262";"1606";"3206";"3576";"7040";"6285";"4476";"3366";"4195";"3621";"3171";"10496";"10584";"10844";"12471";"8810";"7599";"7184";"6952";"3019";"3766";"6888";"6446";"10558";"6440";"7248";"8127";"7070";"5251";"834";"1260";"1636";"3362";"2010";"2254";"3990";"2214";"2142";"3559";"3038";"3075";"3301";"1074";"161";"0";"567796"
"15 Par�";"22400";"25760";"31521";"33318";"33747";"37218";"33439";"41056";"33284";"26294";"28214";"25193";"22087";"27821";"28165";"35805";"53693";"42158";"38803";"40809";"32429";"30541";"31862";"24444";"27169";"29535";"36634";"32843";"40122";"42138";"34006";"43193";"33376";"29415";"28994";"20831";"24727";"27393";"30045";"34667";"34801";"39486";"31246";"40382";"40740";"30238";"28686";"22388";"28616";"30157";"28953";"30319";"26507";"22571";"23003";"23019";"25277";"21722";"13995";"11468";"19406";"18482";"26104";"24109";"25340";"21671";"19014";"56308";"26651";"21794";"21114";"13011";"25992";"24271";"26525";"28581";"27174";"26560";"20769";"25101";"91554";"22012";"22984";"15962";"72713";"69904";"148403";"79649";"39470";"22350";"18747";"21070";"32884";"18787";"14804";"9999";"39819";"27768";"27149";"19317";"16815";"14527";"17804";"20365";"16733";"16428";"14237";"10253";"18276";"18095";"16634";"16787";"17784";"16816";"18015";"17929";"14513";"16512";"17187";"11453";"22671";"26914";"28736";"9192";"12290";"20284";"28866";"25252";"24397";"38106";"27100";"16034";"19721";"18146";"21387";"20612";"16803";"1401";"0";"3867120"
"16 Amap�";"2825";"2453";"3205";"3871";"5396";"4307";"3042";"3378";"4132";"2150";"3068";"1676";"2614";"2446";"2568";"2722";"3693";"3515";"3009";"3414";"3464";"3231";"3216";"2339";"2995";"2698";"3330";"4152";"5192";"4360";"3555";"6386";"2833";"2890";"2732";"1041";"2839";"2578";"2721";"3579";"2680";"2672";"3425";"4850";"3646";"2393";"2373";"1723";"3305";"2988";"2824";"3269";"3143";"2679";"2654";"3172";"3509";"3228";"1499";"1796";"2208";"1976";"2785";"2244";"3389";"2682";"3033";"7062";"4283";"3720";"3818";"2775";"4060";"4412";"4401";"3995";"3617";"3365";"3308";"4649";"9302";"3484";"3234";"2558";"5754";"6968";"8250";"5179";"4090";"2897";"2306";"2733";"5584";"2075";"2043";"1438";"4429";"3813";"3114";"2340";"1899";"1855";"2109";"2485";"2069";"2236";"1903";"1379";"2429";"2165";"2145";"1925";"1998";"2081";"2121";"2148";"1288";"2099";"1945";"1684";"2031";"1954";"2051";"340";"373";"1077";"2238";"1806";"2154";"4045";"1245";"1979";"3024";"2796";"1791";"2621";"2257";"81";"0";"414642"
"17 Tocantins";"8594";"9240";"13217";"22371";"18723";"12306";"6597";"9698";"6970";"5908";"6306";"4846";"6476";"6746";"7850";"9880";"9624";"8089";"5414";"8548";"6506";"6839";"7572";"5324";"7281";"6219";"8382";"6581";"10974";"7634";"5779";"9111";"6835";"7377";"6069";"3998";"6367";"6261";"7387";"13504";"8019";"7676";"6393";"8558";"9891";"7667";"6769";"4338";"7246";"6704";"9020";"10061";"8444";"6065";"6153";"7106";"7899";"5094";"6119";"4012";"6475";"5201";"8744";"7600";"10300";"11525";"8763";"23834";"12197";"9675";"8817";"5142";"7185";"6343";"8061";"10055";"8474";"7444";"4918";"6309";"25402";"8240";"6389";"3935";"23394";"27376";"20955";"7197";"6230";"4048";"2739";"3686";"4752";"2818";"2507";"2021";"8136";"5186";"4058";"3542";"3517";"2844";"2911";"3673";"2581";"3015";"2653";"1932";"3673";"3013";"2762";"3032";"3379";"2799";"2549";"3311";"1928";"3326";"3666";"2381";"5066";"8315";"6248";"3585";"7078";"6250";"5696";"5022";"5031";"11769";"5889";"3600";"4684";"3855";"4523";"5345";"4816";"474";"0";"982501"
"21 Maranh�o";"30401";"31293";"38731";"44326";"44248";"40225";"29794";"36460";"29719";"32391";"37716";"30243";"27229";"28048";"30251";"34725";"41309";"35323";"31687";"37691";"37292";"26357";"36725";"24872";"30927";"28257";"35232";"30560";"40237";"36333";"30081";"39195";"29077";"32941";"25863";"18812";"20370";"19259";"26739";"40296";"32935";"34197";"30631";"40262";"44949";"30361";"25172";"19521";"23383";"22556";"26436";"29401";"28017";"23681";"25844";"24835";"29699";"26349";"21767";"15259";"20991";"20606";"38792";"32054";"36838";"29725";"27202";"65908";"34774";"27907";"26136";"17465";"22535";"20229";"23681";"27754";"27600";"23026";"18967";"21093";"83665";"25646";"21472";"12178";"69144";"75751";"70023";"26913";"23266";"14796";"15422";"16751";"30430";"16929";"14055";"8497";"46286";"35104";"30531";"23837";"20096";"15495";"17078";"20215";"14587";"16534";"13612";"9396";"17655";"16986";"16474";"18348";"19350";"15871";"17328";"14766";"14072";"16341";"14674";"10458";"17816";"26254";"26931";"9840";"12735";"18393";"25038";"22257";"22163";"41320";"18629";"12332";"15862";"13931";"15760";"18421";"12751";"634";"0";"3730872"
"22 Piau�";"8151";"7866";"10771";"11394";"12892";"12407";"11197";"11912";"9919";"8092";"8884";"7090";"8424";"7581";"8642";"9327";"10008";"10472";"10745";"14447";"9889";"10417";"10292";"7898";"9919";"9068";"11691";"10259";"13460";"12713";"11287";"11798";"11118";"10356";"10180";"8118";"7876";"7819";"9395";"9427";"8245";"10895";"10530";"12329";"11704";"11452";"10682";"7137";"9301";"7382";"7613";"10362";"9501";"8683";"8060";"8200";"8074";"7780";"6255";"4209";"6976";"5734";"9023";"7451";"7696";"7462";"7168";"20411";"8184";"8344";"9190";"5548";"9405";"7789";"8157";"8724";"8214";"8935";"7419";"7886";"39496";"10836";"9317";"5701";"21193";"25651";"26706";"10784";"6928";"6497";"5992";"6676";"10829";"6019";"5238";"3469";"21236";"11912";"8849";"8000";"5988";"5284";"5966";"6078";"5290";"5967";"5406";"3817";"6715";"6104";"5711";"5291";"6225";"5753";"6708";"5688";"5146";"7521";"7266";"5058";"8159";"12443";"11100";"3725";"8342";"9803";"10021";"10391";"9874";"24391";"13121";"7219";"8134";"7399";"7221";"7922";"7356";"555";"0";"1286798"
"23 Cear�";"2167";"1038";"1177";"1264";"1361";"1402";"1479";"1517";"1080";"1283";"1029";"1389";"1424";"1411";"1332";"1271";"1311";"2064";"2150";"1949";"1411";"1487";"1857";"1513";"1736";"1793";"1638";"1599";"1783";"1881";"1518";"1616";"1180";"1425";"1224";"1284";"1713";"1220";"1349";"1599";"1589";"1730";"3139";"2059";"1649";"1778";"1492";"1387";"1557";"1785";"1387";"1466";"1476";"1749";"2223";"2180";"1760";"2122";"1989";"1787";"1923";"1443";"1733";"1442";"1891";"1971";"2336";"2042";"1512";"1598";"1962";"1567";"2002";"1396";"1617";"1149";"2078";"1774";"1835";"1765";"2908";"1248";"1478";"1665";"7821";"12961";"11486";"7883";"6639";"6809";"3711";"3252";"2802";"4989";"4593";"3915";"35015";"17582";"15047";"9970";"8345";"7208";"5341";"3563";"2718";"2528";"3198";"3946";"2899";"5331";"3117";"2828";"3223";"2991";"2920";"2110";"2082";"2106";"2130";"1797";"1561";"1687";"1623";"1517";"5708";"8828";"14461";"21965";"46068";"120217";"55992";"31374";"24918";"21997";"15337";"13076";"10492";"1143";"0";"761383"
"24 Rio Grande do Norte";"700";"477";"568";"564";"566";"813";"903";"809";"833";"608";"635";"772";"793";"844";"732";"1072";"885";"1114";"842";"1021";"943";"797";"812";"966";"1107";"944";"993";"821";"1109";"1084";"874";"758";"652";"1035";"779";"700";"905";"617";"845";"750";"1010";"897";"1534";"817";"1250";"693";"691";"1099";"770";"866";"1179";"1312";"750";"1244";"971";"1002";"914";"1046";"814";"585";"773";"710";"669";"1469";"920";"980";"861";"942";"925";"598";"569";"800";"799";"684";"618";"741";"887";"750";"770";"675";"560";"688";"582";"619";"2356";"3056";"2465";"1803";"1302";"1249";"1137";"927";"902";"927";"1543";"1346";"8813";"7044";"5424";"4391";"3239";"2239";"2246";"2009";"1747";"1711";"1932";"3390";"2187";"2216";"1691";"1706";"1725";"1678";"1561";"1924";"1776";"1665";"1282";"1333";"1521";"1432";"903";"169";"277";"1096";"1677";"2241";"2340";"5199";"3409";"2613";"1542";"1623";"1773";"1909";"1686";"361";"0";"186788"
"25 Para�ba";"284";"734";"450";"604";"656";"337";"804";"585";"250";"549";"705";"566";"645";"610";"674";"198";"415";"1027";"373";"810";"764";"344";"722";"426";"768";"716";"727";"177";"1155";"341";"669";"800";"478";"750";"255";"464";"549";"482";"778";"758";"757";"533";"1315";"566";"667";"513";"457";"480";"543";"631";"353";"467";"846";"329";"368";"714";"468";"875";"422";"312";"488";"454";"676";"578";"705";"657";"752";"867";"622";"566";"687";"284";"642";"560";"374";"536";"461";"334";"229";"489";"283";"113";"172";"48";"2403";"2898";"3783";"1583";"1669";"1659";"1264";"861";"889";"617";"1134";"860";"6113";"3598";"2107";"2279";"2279";"2260";"2225";"1418";"685";"911";"1365";"1942";"1264";"1436";"1163";"1408";"1245";"1024";"1138";"1385";"1406";"1462";"927";"1104";"1069";"1173";"635";"129";"664";"2479";"7257";"9768";"8626";"40142";"16653";"10279";"11887";"9916";"10717";"12104";"7829";"610";"0";"260293"
"26 Pernambuco";"2288";"1486";"1684";"1524";"1564";"2094";"1367";"1663";"1486";"1678";"1510";"1545";"1380";"1649";"1292";"1837";"1859";"2146";"1569";"2152";"1929";"1693";"1701";"1434";"2047";"2103";"1809";"1972";"2124";"2337";"2210";"2139";"2671";"1707";"2041";"2061";"1870";"2589";"2146";"1908";"3408";"2400";"3052";"3153";"2981";"1844";"2491";"1445";"1371";"1818";"2075";"1669";"1784";"1865";"2122";"2196";"2116";"1528";"1487";"1199";"1512";"1595";"1468";"1712";"2959";"2250";"2579";"2568";"2358";"1661";"1466";"1648";"1886";"1323";"1441";"1349";"2015";"1223";"1244";"1235";"1461";"1127";"1345";"1203";"10030";"12873";"10204";"6660";"5773";"5431";"3456";"2220";"2024";"3019";"3175";"3899";"32120";"21181";"13128";"10246";"8811";"6628";"5856";"5069";"4338";"3838";"3913";"5737";"5259";"5918";"4076";"3731";"3424";"3083";"3891";"4313";"4164";"3844";"2839";"4078";"48573";"55309";"214381";"47167";"97309";"73358";"100846";"95095";"82175";"209792";"102147";"41377";"35229";"30733";"34498";"37634";"27112";"1828";"0";"1729708"
"27 Alagoas";"926";"770";"354";"513";"712";"549";"551";"682";"649";"505";"630";"522";"568";"590";"556";"467";"304";"541";"389";"539";"209";"432";"497";"361";"752";"788";"685";"504";"531";"576";"480";"804";"562";"469";"590";"415";"593";"560";"297";"781";"516";"435";"799";"744";"563";"566";"434";"377";"659";"691";"436";"542";"571";"713";"640";"612";"526";"362";"534";"588";"703";"445";"560";"458";"1519";"816";"809";"397";"504";"519";"499";"591";"692";"508";"486";"515";"550";"464";"456";"491";"539";"281";"529";"446";"3812";"4668";"2969";"1255";"1745";"1220";"1047";"1039";"839";"810";"1049";"912";"9643";"6764";"11828";"7046";"6948";"3000";"2182";"1928";"1588";"1246";"1362";"1379";"1175";"2022";"1472";"1193";"1240";"1138";"988";"1208";"1297";"1459";"1476";"2059";"1982";"2466";"1403";"252";"340";"305";"829";"4235";"5412";"20933";"11458";"7003";"9324";"8420";"11063";"10097";"10349";"870";"0";"247035"
"28 Sergipe";"352";"549";"466";"349";"550";"554";"457";"470";"561";"1300";"735";"395";"553";"352";"408";"979";"431";"508";"669";"655";"496";"538";"483";"496";"688";"798";"562";"681";"558";"600";"557";"463";"371";"436";"452";"201";"565";"354";"386";"750";"260";"265";"749";"647";"527";"254";"447";"542";"618";"386";"422";"311";"1236";"862";"336";"497";"483";"480";"680";"504";"515";"574";"338";"348";"409";"698";"443";"579";"339";"202";"294";"222";"302";"225";"299";"134";"301";"258";"243";"256";"239";"145";"247";"114";"3215";"3697";"2732";"2207";"1371";"844";"404";"636";"454";"785";"1052";"659";"13055";"8147";"5794";"3230";"2492";"1694";"2710";"1976";"1444";"1001";"1449";"1855";"1448";"2088";"1250";"1307";"1167";"793";"956";"647";"868";"866";"759";"749";"745";"1028";"574";"101";"124";"236";"362";"466";"400";"439";"563";"368";"409";"368";"301";"313";"296";"11";"0";"122863"
"29 Bahia";"35723";"42525";"57233";"81203";"81176";"75440";"50830";"58683";"50991";"42003";"40580";"42311";"36690";"43615";"39891";"57094";"73799";"66002";"59841";"76441";"73046";"60675";"68376";"47252";"40334";"43061";"48082";"48330";"59524";"53357";"44146";"57094";"56490";"45223";"38935";"29555";"29039";"34480";"43739";"49780";"50672";"50926";"45788";"55146";"70973";"45116";"41530";"33266";"35488";"40587";"47686";"52538";"51481";"39811";"38245";"42925";"48879";"43240";"34581";"30417";"32954";"33081";"45011";"41469";"43409";"36594";"38402";"105753";"65856";"52549";"41538";"30284";"40146";"40763";"39369";"39880";"41065";"33563";"36020";"36879";"156687";"72116";"35548";"25929";"165072";"253134";"189832";"437103";"184564";"87223";"55514";"44949";"46609";"32392";"27148";"21724";"182857";"82326";"54412";"39567";"26826";"18577";"25071";"25092";"22108";"24854";"22376";"17344";"29028";"26245";"24728";"25460";"24254";"16679";"25801";"25853";"22408";"32426";"27772";"17780";"38928";"64572";"53777";"21578";"49071";"45562";"49730";"40388";"38890";"77820";"41595";"24642";"28292";"27060";"30956";"28257";"20512";"1773";"0";"7215260"
"31 Minas Gerais";"102660";"87456";"113892";"184904";"208721";"151500";"113920";"113173";"78476";"67024";"75538";"65660";"84771";"109852";"163288";"192078";"222283";"122163";"101511";"109630";"118150";"153517";"84277";"95524";"108434";"91560";"111041";"78607";"151557";"101425";"89141";"99452";"66648";"68247";"60153";"50066";"66628";"65529";"79563";"137195";"102760";"89211";"79945";"93576";"87062";"72084";"60998";"47190";"71044";"63981";"76786";"77644";"77828";"59326";"64477";"59823";"72324";"61910";"52316";"40205";"68873";"54767";"89018";"76668";"102714";"78892";"77075";"183692";"88490";"77056";"70827";"57338";"76405";"65712";"71551";"86033";"88061";"71424";"70390";"72553";"376377";"94317";"65363";"53439";"1933574";"1620796";"1248074";"233409";"90237";"45757";"36470";"33757";"49765";"33653";"38018";"37734";"764106";"407006";"180188";"92571";"56438";"38561";"39233";"42120";"29859";"38320";"33208";"28207";"44814";"37229";"36432";"36047";"41577";"33205";"36008";"31343";"23836";"44471";"33450";"22911";"65786";"135189";"100522";"50212";"118335";"82601";"82068";"68670";"53782";"148303";"70765";"43155";"50006";"42547";"45417";"57506";"33294";"2168";"0";"16795449"
"32 Esp�rito Santo";"2981";"1649";"1840";"1612";"1913";"1742";"1818";"1845";"1271";"1339";"1344";"1679";"1660";"1482";"1502";"1878";"1442";"2202";"2260";"2415";"1689";"1836";"1779";"2140";"2210";"1858";"1817";"1557";"1999";"1876";"2952";"2100";"1419";"1786";"1720";"1695";"2330";"1138";"1449";"1928";"1803";"1716";"3451";"2315";"1810";"1766";"1809";"1692";"1883";"1789";"1873";"2039";"1756";"1851";"1916";"2246";"2083";"2319";"1618";"2297";"1452";"1078";"1342";"972";"1287";"1562";"1885";"1519";"1193";"1061";"850";"1324";"1385";"1048";"1121";"1348";"1465";"1417";"1866";"1346";"1254";"1110";"1144";"1252";"408932";"624551";"1207456";"149589";"71308";"30895";"12402";"18854";"15422";"11469";"15732";"297034";"28899";"17659";"13835";"8123";"7269";"6231";"6812";"7339";"6029";"6596";"6818";"5381";"9026";"8075";"7673";"7272";"8254";"6048";"8041";"8634";"7159";"9596";"10743";"7683";"14960";"33928";"23404";"6062";"15832";"11892";"13531";"14020";"13341";"35023";"18899";"12521";"13591";"10616";"10219";"10797";"9032";"935";"0";"3495907"
"33 Rio de Janeiro";"8827";"6557";"7233";"6162";"7616";"6836";"7912";"6865";"7187";"5721";"6437";"7023";"8245";"7117";"5916";"7634";"7646";"9048";"8898";"9336";"7404";"7443";"7152";"8998";"11397";"7691";"8043";"6398";"6797";"7460";"9086";"7850";"6053";"7488";"6702";"7389";"9995";"6418";"7600";"8227";"8181";"8989";"9914";"8741";"7682";"7677";"7195";"7187";"9242";"8275";"8269";"8467";"8686";"6776";"9316";"8075";"8868";"8589";"6809";"7950";"7531";"5605";"6281";"5974";"6546";"7342";"7895";"6268";"5836";"5786";"5025";"6251";"6787";"4830";"5354";"5228";"4865";"5091";"5976";"5805";"6138";"6452";"6497";"7989";"106998";"349523";"2540844";"1111871";"546641";"317592";"280941";"120737";"134567";"77301";"60954";"50639";"2043975";"280063";"154473";"49710";"40305";"84068";"25626";"20829";"20909";"231132";"76405";"109482";"38809";"35715";"32613";"27014";"29681";"24455";"26648";"24467";"20327";"31931";"81962";"17330";"30516";"31501";"28667";"10168";"22239";"21814";"26460";"28234";"24967";"70923";"34119";"19661";"26497";"21269";"25350";"22045";"23924";"2391";"0";"10313329"
"35 S�o Paulo";"240820";"174463";"102530";"143223";"127376";"90081";"64228";"58756";"46400";"44641";"53066";"49456";"66492";"59356";"54274";"61384";"90342";"65161";"60828";"59899";"47749";"51559";"52995";"61822";"69537";"56044";"60619";"55449";"88683";"69123";"66043";"64752";"47705";"50205";"47889";"44655";"60595";"53564";"57096";"87740";"69404";"65390";"62325";"59128";"55596";"51648";"46706";"46157";"57541";"50881";"58471";"63316";"65922";"50347";"54030";"50216";"54418";"52150";"41676";"42739";"50480";"39718";"47464";"42321";"59545";"51553";"50856";"70267";"45367";"45454";"43654";"43738";"51352";"40795";"45177";"47595";"51005";"44765";"44350";"40406";"175967";"58939";"63596";"58755";"413655";"569027";"329220";"459927";"337805";"159014";"85525";"97102";"209235";"738151";"736486";"910700";"3033371";"545657";"402295";"186823";"119338";"83774";"173420";"144514";"118110";"123094";"211986";"199581";"228511";"298514";"188789";"153533";"149672";"124994";"140888";"134557";"123891";"145547";"108236";"83134";"169923";"256228";"194637";"78095";"183943";"153551";"158111";"135672";"120983";"270981";"154667";"94429";"126188";"102394";"97906";"125655";"65691";"5253";"0";"20080163"
"41 Paran�";"44235";"50058";"61312";"125399";"104863";"72127";"53472";"43089";"31105";"27433";"29798";"26591";"29994";"37213";"52693";"104356";"82209";"46663";"36556";"50464";"50811";"45626";"40269";"33681";"32448";"32143";"36055";"36207";"51712";"37305";"36449";"54056";"31157";"30936";"26945";"22059";"31085";"27972";"30084";"49421";"34730";"32133";"33744";"43734";"37325";"31341";"31234";"26086";"31276";"29050";"41736";"42035";"35389";"28710";"35694";"35024";"36184";"34061";"31584";"24589";"32238";"31588";"44829";"39617";"49786";"37239";"34386";"85608";"35832";"36717";"36382";"32104";"40533";"35665";"35856";"42158";"38699";"37092";"34748";"35501";"129128";"39271";"36634";"28172";"89388";"90430";"86954";"37740";"27491";"20603";"19080";"20991";"29673";"18028";"19787";"16512";"97978";"60050";"46185";"71150";"28011";"22269";"32471";"37117";"29528";"40760";"96168";"59580";"107318";"363685";"205218";"161944";"92938";"62260";"45723";"55942";"47598";"54852";"46564";"28428";"62942";"159480";"107849";"30165";"80444";"56068";"55106";"41622";"41640";"109011";"106931";"63211";"54461";"57541";"34339";"40005";"17647";"1093";"0";"7041462"
"42 Santa Catarina";"9813";"7580";"9853";"10481";"12108";"11243";"9941";"14107";"9783";"7797";"10937";"7628";"8186";"8757";"11993";"24167";"31366";"42539";"31089";"42905";"34412";"33265";"33039";"20193";"17252";"20660";"16920";"12179";"22569";"16201";"14293";"29882";"12154";"12209";"10693";"8366";"11244";"9318";"9672";"17219";"10768";"11475";"12120";"14291";"12289";"10619";"9919";"7724";"10883";"10151";"10133";"10866";"10210";"8058";"16490";"16571";"11639";"10979";"10440";"7451";"10107";"8326";"9742";"8841";"10839";"7084";"11006";"18189";"9171";"9184";"8842";"7766";"10719";"9149";"8828";"10601";"9981";"8872";"8424";"8441";"32878";"10304";"9505";"6903";"32946";"32208";"35190";"15724";"12126";"9490";"7651";"7313";"12641";"6935";"7890";"6801";"57605";"41385";"29642";"23897";"21071";"20705";"25255";"22832";"54005";"105922";"106879";"56570";"58664";"328276";"344493";"488014";"179357";"63910";"67370";"60608";"69240";"84303";"82214";"26942";"75762";"175901";"76085";"25960";"47903";"34672";"30364";"21743";"23386";"69767";"40117";"19074";"26848";"33077";"30816";"32844";"15808";"880";"1";"4547873"
"43 Rio Grande do Sul";"18331";"14723";"17706";"18101";"14627";"16479";"10493";"12986";"9574";"7786";"10264";"9201";"10811";"11335";"12914";"12666";"19831";"21286";"31859";"55160";"31130";"27527";"36921";"20176";"21061";"18653";"20852";"17999";"18625";"19768";"20571";"47685";"20961";"20098";"19362";"15297";"19972";"18890";"19554";"20406";"15115";"22639";"16623";"16603";"24472";"38204";"14337";"11604";"22001";"17207";"16888";"16864";"12409";"12208";"16773";"15276";"14432";"14145";"12024";"12494";"16741";"13020";"18759";"14524";"11928";"12984";"19277";"66870";"21892";"19750";"20977";"17954";"23270";"21344";"19025";"18722";"15465";"18088";"17939";"19887";"116471";"27764";"24721";"18583";"58720";"63333";"83046";"23818";"14673";"12852";"13360";"21796";"43652";"16276";"16286";"15076";"88826";"54631";"43891";"26542";"17145";"14683";"20187";"21539";"17036";"27352";"22197";"17881";"25991";"26183";"23761";"27850";"24511";"22041";"58604";"50480";"23752";"39494";"35756";"21607";"36556";"128843";"65144";"17485";"38737";"36505";"34345";"26547";"25560";"99804";"57673";"24171";"24291";"21737";"22662";"29791";"16206";"1469";"0";"3572268"
"50 Mato Grosso do Sul";"10029";"9151";"13557";"19315";"20869";"14701";"12229";"11791";"8802";"8809";"9921";"8066";"12409";"10870";"11909";"14127";"20392";"13227";"11803";"14740";"10453";"11497";"13285";"8442";"13308";"11120";"14461";"11869";"21815";"14999";"13365";"16550";"12256";"10514";"9790";"7194";"11897";"9909";"12336";"21956";"14205";"12804";"11044";"13375";"13273";"11383";"10027";"7219";"14615";"12985";"14534";"17942";"16118";"13429";"14423";"14763";"13966";"11554";"12033";"7939";"13893";"11660";"16062";"12272";"19312";"12823";"12311";"30093";"15653";"11589";"11099";"8703";"13554";"12981";"12061";"13004";"16658";"14005";"11834";"12014";"41107";"14187";"11895";"8192";"38096";"47612";"27386";"13564";"10065";"7342";"6366";"6199";"10548";"5453";"5911";"4799";"19632";"11561";"8648";"7126";"6025";"5386";"6757";"7532";"6731";"6914";"6555";"4806";"8271";"7264";"6705";"6649";"7121";"7256";"8881";"7581";"5817";"7938";"7870";"6867";"9586";"14487";"10632";"4566";"10550";"10001";"10618";"9238";"8473";"21519";"14242";"7984";"9024";"7731";"8088";"10281";"5986";"597";"0";"1671163"
"51 Mato Grosso";"9415";"13317";"13554";"23656";"27920";"26845";"23069";"18310";"15099";"10342";"10292";"9629";"8794";"11105";"11805";"13370";"16719";"15293";"14319";"16249";"12581";"12540";"16687";"10903";"10581";"14489";"12920";"12845";"16176";"18009";"16485";"14904";"16588";"12619";"12398";"9676";"9806";"13212";"13788";"15357";"21356";"18114";"18287";"18308";"21870";"16357";"14484";"11219";"12031";"14966";"18829";"27119";"21560";"19033";"17658";"17063";"17490";"13910";"10404";"9880";"12585";"12604";"16947";"16305";"20057";"19401";"16464";"32162";"17929";"15800";"15592";"10675";"15402";"14307";"16145";"17114";"18358";"18382";"16802";"16334";"55663";"19137";"15014";"10977";"42529";"43456";"41641";"25035";"21767";"14929";"11797";"15269";"16346";"9915";"9840";"7644";"26944";"18647";"15756";"11849";"10953";"9210";"10974";"12254";"9395";"10498";"9337";"7962";"12003";"9976";"9519";"10423";"11360";"8829";"10465";"10099";"7026";"10647";"11157";"7886";"17001";"27317";"17584";"7272";"18650";"14549";"14664";"13140";"12630";"37780";"22187";"11133";"13849";"10951";"10970";"12038";"10516";"908";"0";"2168236"
"52 Goi�s";"23339";"23322";"27937";"40670";"40423";"34191";"32167";"27140";"17924";"15785";"17317";"16238";"21028";"21673";"21495";"23290";"31242";"25206";"21822";"27718";"21128";"34306";"22630";"38019";"24920";"20546";"27576";"23318";"35042";"29450";"25381";"30812";"19619";"20248";"18613";"13882";"24328";"21824";"26725";"40516";"32113";"32895";"26828";"33689";"28974";"22214";"19812";"14814";"25606";"22069";"25680";"25410";"26838";"17731";"22863";"22735";"23182";"21023";"21213";"14331";"21377";"24466";"36660";"24016";"31673";"55638";"40862";"76499";"30946";"22823";"32713";"21731";"27959";"26210";"26068";"27691";"28033";"25520";"20247";"31210";"112523";"29980";"23235";"17573";"90287";"77063";"63358";"38939";"26111";"16570";"13866";"14615";"20678";"11172";"11262";"8987";"46597";"25194";"20398";"16118";"13361";"12326";"14119";"17462";"12230";"13273";"12049";"9416";"16832";"14232";"14631";"14204";"14956";"11708";"14315";"14945";"12914";"13558";"13770";"8809";"22746";"35180";"22995";"9354";"33315";"23896";"23836";"20692";"21344";"63795";"32658";"16290";"17441";"15994";"17419";"25399";"13293";"1031";"0";"3511486"
"53 Distrito Federal";"13455";"10744";"17088";"22390";"17965";"12238";"10610";"10714";"10182";"8371";"7906";"8488";"9793";"8050";"7928";"11405";"17183";"9620";"9291";"8574";"8541";"8092";"3768";"8916";"11466";"9403";"10797";"9537";"17006";"12307";"10541";"12428";"4721";"10314";"7928";"7725";"12246";"10191";"12218";"17458";"13242";"11330";"24425";"13230";"12213";"9621";"8899";"8298";"11381";"8923";"11771";"11220";"12557";"9486";"11728";"10001";"9738";"9282";"7761";"5622";"9342";"11791";"12061";"10254";"18236";"17164";"11657";"23714";"2920";"2036";"2115";"1597";"15753";"21434";"14498";"19582";"21343";"20882";"16764";"17168";"72412";"18161";"11155";"23091";"45386";"44457";"34744";"15484";"9237";"6608";"5005";"5412";"7122";"5491";"5562";"5601";"31361";"14464";"9873";"7424";"5670";"5702";"6689";"7352";"5572";"6339";"5357";"5136";"7303";"6632";"6502";"6176";"7009";"5616";"6394";"8708";"6554";"7987";"6322";"5814";"12528";"24015";"17796";"6333";"16595";"12590";"9921";"11833";"9707";"25246";"14567";"7508";"9806";"7556";"8967";"10493";"11676";"1314";"0";"1653972"
"Total";"629269";"553432";"590719";"854040";"844514";"670463";"518539";"531520";"411441";"359387";"394950";"354045";"409697";"448342";"521827";"670595";"796316";"592174";"529428";"632372";"550971";"566011";"516803";"456532";"484975";"445789";"510569";"440608";"659108";"537730";"478779";"598668";"419094";"418120";"369776";"301451";"388734";"371976";"440682";"626162";"513667";"508095";"480976";"541589";"542131";"444067";"379041";"313485";"416969";"397118";"452662";"491109";"469973";"370449";"411170";"404948";"433190";"390049";"328119";"273411";"369405";"341499";"485238";"413270";"517744";"461745";"432926";"967437";"480740";"414353";"400714";"320784";"439201";"394161";"409598";"453712";"460706";"411888";"379427";"409086";"1652298";"509630";"405619";"330618";"3724041";"4143381";"6301398";"2765197";"1491298";"821105";"628062";"491771";"724405";"1048542";"1026616";"1437060";"6691328";"1737905";"1143449";"663944";"458932";"407929";"488127";"471858";"411442";"723425";"688199";"591463";"683768";"1257133";"988445";"1051222";"680495";"463939";"530961";"516501";"444275";"570407";"545931";"319494";"719442";"1270099";"1053844";"351925";"806339";"678211";"737502";"661574";"631993";"1604924";"899591";"499837";"553741";"498630";"493400";"563913";"372553";"30666";"1";"100881258"
